iter	RMSE
0	0.7270087115
1	0.655993303
